{"ret": 0.6217873985951278, "mtx": [[503.54935391306196, 0.0, 323.2927622500249], [0.0, 504.6390519490788, 240.94947041086633], [0.0, 0.0, 1.0]], "dist": [[0.18530211499986968, -0.3287469122068892, -0.00043093690128023635, 0.001502638019837378, -0.005449159146567815]], "rvecs": [[[-0.2885273617364564], [-0.15960195663267515], [-3.111749455846771]], [[-0.3285395249650579], [0.2787761590891854], [-3.0694468885562523]], [[-0.12866518073301697], [1.5278355947966848], [-2.5492841927465197]], [[0.010328078175270212], [-0.09022969208098798], [-3.12690385878628]], [[-0.04703198868404941], [-0.24306817447865076], [-3.1271313397577294]], [[0.031059339521472346], [0.3916559258505606], [3.1000560017008008]], [[0.018750526983251622], [0.56246074405723], [3.0451807273195026]], [[-0.09718679156053701], [0.7255990435519046], [2.908784747746809]], [[-0.11844931559439104], [-0.6751336569004849], [-2.993767069948731]], [[-0.10076935402427112], [-0.8155593032490839], [-2.990521961640076]], [[-0.09633995218884925], [-0.9597272606163019], [-2.9569261967061533]], [[-0.10169728247239057], [-0.9254010381889909], [-2.9623915963830907]], [[-0.37696342769142027], [0.2813442926960299], [-3.100860619287622]], [[-0.08090237725871703], [-1.1097763722121574], [-2.9146659759670155]], [[-0.04048667817289909], [-1.2438543550669807], [-2.8466391964208246]], [[0.00014546137598339678], [-1.2996066047632955], [-2.7367861341870983]], [[0.1526395782754753], [1.4429516222405792], [2.7720355512044317]], [[-0.3817107955681416], [0.01800735981246699], [-3.075810540357197]], [[0.7919942748419109], [-0.055180227580276534], [2.9773396922766975]], [[0.9191624297803013], [0.06490110787143698], [2.9188894005340025]], [[1.0865739931153031], [0.1246284153358272], [2.8996697412697827]], [[-0.3159428607260552], [0.49274033710521276], [-3.034585518745838]], [[-1.1478333535993848], [-0.15016866584675265], [-2.839427264630916]], [[-1.3769417290944526], [-0.21581854935958406], [-2.7197962340090096]], [[1.266487265470838], [0.3265811274788455], [2.8124922728139032]], [[0.11969485898461803], [0.12810982785151565], [3.0032329925881167]], [[-0.31528017523452107], [0.18954793104202397], [2.9539506733843477]], [[-0.6670707165676111], [0.17537133980461028], [2.9387981147745164]], [[-0.9433441174507899], [0.24309797085290213], [2.8346605138831484]], [[-1.0872433917043913], [0.24122025162876137], [2.81770304535843]], [[-1.2388428388637172], [0.2824749705472566], [2.7156426239406146]], [[0.29919992834716713], [-0.7854579412502143], [2.934818013114049]], [[-1.539211202897826], [0.3009086863918217], [2.6933226782027897]], [[0.025632417502007534], [0.011560141479805683], [-3.03097200744676]], [[-0.029978258604188433], [0.01576765481592393], [-2.8191830428548386]], [[-0.04797483340515518], [0.01592117815477979], [-2.555736619572427]], [[-0.10049932296130233], [0.048135132883420265], [-2.2161417849962355]], [[-0.070917703642487], [0.11091636578939183], [-2.2111120640792317]], [[-0.06242751937246707], [0.08294715323834995], [-2.1120873294925038]], [[-0.11811966502044559], [0.09094082622604441], [-1.8559221731532602]], [[-0.2029229146782272], [0.16826646919486007], [-1.5540601489549455]], [[0.26734811386593954], [-0.9322370611326871], [2.9785226435468917]], [[0.06242370966165418], [0.16180349362011578], [2.8576551570266933]], [[-0.08050115642883464], [0.14677188289824128], [2.56045293636077]], [[-0.18470878572388225], [0.17559347101315131], [2.2034373005308225]], [[-0.16131103272062777], [-0.09918827264742602], [3.12708432263142]], [[0.19657394819151755], [-0.06575337134938478], [3.1106695820666834]], [[0.865621017201711], [0.3308301131446873], [-1.3509896269526374]], [[0.9929962514949973], [0.3743217913508193], [-1.1157080056680106]], [[0.624264957717486], [0.69243514970188], [-1.3408222623944672]], [[0.724939124665147], [0.7064964835876052], [-1.4196345758038722]], [[-0.10369886092835003], [1.3569796964049623], [-2.777013994164114]], [[-0.23969237180292063], [1.112121896061198], [-2.900470241998177]], [[0.6282934881619012], [-0.5659979294407539], [1.4492014900780985]], [[0.7285405354594273], [-0.03219334474053105], [-0.0025235802135440987]], [[-0.642499632307524], [-0.28822759297116013], [-0.6800372369781412]], [[-0.26717508942746615], [-0.5920949341320291], [-2.100992958066976]], [[0.7275768367050295], [0.32909261350493885], [-0.8325300778945951]], [[0.7248820862310602], [0.32958981647948543], [-0.8558550234572959]], [[-0.1951098759571802], [1.1560380333187572], [-2.8111489103541523]], [[-0.19299237203376857], [1.4388744099951876], [-2.7479779529790767]], [[-0.14905615980280745], [1.4546625708624445], [-2.6705267538594426]]],